id,apartment_uuid,timestamp
36,745,5.4.2022
36,745,5.4.2022
36,745,5.4.2022
36,745,5.4.2022
36,745,5.4.2022
36,745,5.4.2022
36,745,5.4.2022
36,745,5.4.2022
36,745,5.4.2022
36,745,5.4.2022
36,745,5.4.2022
36,745,5.4.2022
36,745,5.4.2022
36,745,5.4.2022
36,745,5.4.2022
36,745,5.4.2022
36,745,5.4.2022
36,745,5.4.2022
36,745,5.4.2022
36,745,5.4.2022
36,745,5.4.2022
36,745,5.4.2022
36,745,5.4.2022
36,745,5.4.2022
36,745,5.4.2022
36,745,5.4.2022
36,745,5.4.2022
36,745,5.4.2022
36,745,5.4.2022
36,745,5.4.2022
36,745,5.4.2022
36,745,5.4.2022
36,745,5.4.2022
36,745,5.4.2022
36,745,5.4.2022
36,745,5.4.2022
36,746,5.4.2022
36,746,5.4.2022
36,746,5.4.2022
36,746,5.4.2022
36,746,5.4.2022
36,746,5.4.2022
36,746,5.4.2022
36,746,5.4.2022
36,746,5.4.2022
36,746,5.4.2022
36,746,5.4.2022
36,746,5.4.2022
36,746,5.4.2022
36,746,5.4.2022
36,746,5.4.2022
36,746,5.4.2022
36,746,5.4.2022
36,746,5.4.2022
36,746,5.4.2022
36,746,5.4.2022
36,746,5.4.2022
36,746,5.4.2022
36,746,5.4.2022
36,746,5.4.2022
36,746,5.4.2022
36,746,5.4.2022
36,746,5.4.2022
36,746,5.4.2022
36,746,5.4.2022
36,746,5.4.2022
36,746,5.4.2022
36,746,5.4.2022
36,746,5.4.2022
36,746,5.4.2022
36,746,5.4.2022
36,746,5.4.2022
36,746,5.4.2022
36,746,5.4.2022
36,746,5.4.2022
36,746,5.4.2022
36,746,5.4.2022
36,746,5.4.2022
36,746,5.4.2022
36,746,5.4.2022
36,746,5.4.2022
36,746,5.4.2022
36,746,5.4.2022
36,746,5.4.2022
36,746,5.4.2022
36,747,5.4.2022
36,747,5.4.2022
36,747,5.4.2022
36,747,5.4.2022
36,747,5.4.2022
36,747,5.4.2022
36,747,5.4.2022
36,747,5.4.2022
36,747,5.4.2022
36,747,5.4.2022
36,747,5.4.2022
36,747,5.4.2022
36,747,5.4.2022
36,747,5.4.2022
36,747,5.4.2022
36,747,5.4.2022
36,748,5.4.2022
36,748,5.4.2022
36,748,5.4.2022
36,748,5.4.2022
36,748,5.4.2022
36,748,5.4.2022
36,748,5.4.2022
36,748,5.4.2022
36,748,5.4.2022
36,749,5.4.2022
36,749,5.4.2022
36,749,5.4.2022
36,749,5.4.2022
36,749,5.4.2022
36,749,5.4.2022
36,749,5.4.2022
36,749,5.4.2022
36,749,5.4.2022
36,750,5.4.2022
36,750,5.4.2022
36,750,5.4.2022
36,750,5.4.2022
36,750,5.4.2022
36,750,5.4.2022
36,750,5.4.2022
36,750,5.4.2022
36,750,5.4.2022
36,751,5.4.2022
36,751,5.4.2022
36,751,5.4.2022
36,751,5.4.2022
36,751,5.4.2022
36,751,5.4.2022
36,751,5.4.2022
36,751,5.4.2022
36,751,5.4.2022
36,752,5.4.2022
36,752,5.4.2022
36,752,5.4.2022
36,752,5.4.2022
36,752,5.4.2022
36,752,5.4.2022
36,752,5.4.2022
36,752,5.4.2022
36,752,5.4.2022
36,753,5.4.2022
36,753,5.4.2022
36,753,5.4.2022
36,753,5.4.2022
36,753,5.4.2022
36,753,5.4.2022
36,753,5.4.2022
36,753,5.4.2022
36,753,5.4.2022
36,753,5.4.2022
36,753,5.4.2022
36,753,5.4.2022
36,753,5.4.2022
36,753,5.4.2022
36,753,5.4.2022
36,753,5.4.2022
36,753,5.4.2022
36,753,5.4.2022
36,753,5.4.2022
36,753,5.4.2022
36,753,5.4.2022
36,753,5.4.2022
36,753,5.4.2022
36,753,5.4.2022
36,753,5.4.2022
36,753,5.4.2022
36,753,5.4.2022
36,753,5.4.2022
36,753,5.4.2022
36,753,5.4.2022
36,753,5.4.2022
36,753,5.4.2022
36,753,5.4.2022
36,753,5.4.2022
36,753,5.4.2022
36,753,5.4.2022
36,754,5.4.2022
36,754,5.4.2022
36,754,5.4.2022
36,754,5.4.2022
36,754,5.4.2022
36,754,5.4.2022
36,754,5.4.2022
36,754,5.4.2022
36,754,5.4.2022
36,755,5.4.2022
36,755,5.4.2022
36,755,5.4.2022
36,755,5.4.2022
36,755,5.4.2022
36,755,5.4.2022
36,755,5.4.2022
36,755,5.4.2022
36,755,5.4.2022
36,756,5.4.2022
36,756,5.4.2022
36,756,5.4.2022
36,756,5.4.2022
36,756,5.4.2022
36,756,5.4.2022
36,756,5.4.2022
36,756,5.4.2022
36,756,5.4.2022
36,756,5.4.2022
36,756,5.4.2022
36,756,5.4.2022
36,756,5.4.2022
36,756,5.4.2022
36,756,5.4.2022
36,756,5.4.2022
36,757,5.4.2022
36,757,5.4.2022
36,757,5.4.2022
36,757,5.4.2022
36,757,5.4.2022
36,757,5.4.2022
36,757,5.4.2022
36,757,5.4.2022
36,757,5.4.2022
36,758,5.4.2022
36,758,5.4.2022
36,758,5.4.2022
36,758,5.4.2022
36,758,5.4.2022
36,758,5.4.2022
36,758,5.4.2022
36,758,5.4.2022
36,758,5.4.2022
36,758,5.4.2022
36,758,5.4.2022
36,758,5.4.2022
36,758,5.4.2022
36,758,5.4.2022
36,758,5.4.2022
36,758,5.4.2022
36,759,5.4.2022
36,759,5.4.2022
36,759,5.4.2022
36,759,5.4.2022
36,759,5.4.2022
36,759,5.4.2022
36,759,5.4.2022
36,759,5.4.2022
36,759,5.4.2022
36,759,5.4.2022
36,759,5.4.2022
36,759,5.4.2022
36,759,5.4.2022
36,759,5.4.2022
36,759,5.4.2022
36,759,5.4.2022
36,759,5.4.2022
36,759,5.4.2022
36,759,5.4.2022
36,759,5.4.2022
36,759,5.4.2022
36,759,5.4.2022
36,759,5.4.2022
36,759,5.4.2022
36,759,5.4.2022
36,760,5.4.2022
36,760,5.4.2022
36,760,5.4.2022
36,760,5.4.2022
36,760,5.4.2022
36,760,5.4.2022
36,760,5.4.2022
36,760,5.4.2022
36,760,5.4.2022
36,760,5.4.2022
36,760,5.4.2022
36,760,5.4.2022
36,760,5.4.2022
36,760,5.4.2022
36,760,5.4.2022
36,760,5.4.2022
36,761,5.4.2022
36,761,5.4.2022
36,761,5.4.2022
36,761,5.4.2022
36,761,5.4.2022
36,761,5.4.2022
36,761,5.4.2022
36,761,5.4.2022
36,761,5.4.2022
36,762,5.4.2022
36,762,5.4.2022
36,762,5.4.2022
36,762,5.4.2022
36,762,5.4.2022
36,762,5.4.2022
36,762,5.4.2022
36,762,5.4.2022
36,762,5.4.2022
36,762,5.4.2022
36,762,5.4.2022
36,762,5.4.2022
36,762,5.4.2022
36,762,5.4.2022
36,762,5.4.2022
36,762,5.4.2022
36,763,5.4.2022
36,763,5.4.2022
36,763,5.4.2022
36,763,5.4.2022
36,763,5.4.2022
36,763,5.4.2022
36,763,5.4.2022
36,763,5.4.2022
36,763,5.4.2022
36,764,5.4.2022
36,764,5.4.2022
36,764,5.4.2022
36,764,5.4.2022
36,764,5.4.2022
36,764,5.4.2022
36,764,5.4.2022
36,764,5.4.2022
36,764,5.4.2022
36,765,5.4.2022
36,765,5.4.2022
36,765,5.4.2022
36,765,5.4.2022
36,765,5.4.2022
36,765,5.4.2022
36,765,5.4.2022
36,765,5.4.2022
36,765,5.4.2022
36,765,5.4.2022
36,765,5.4.2022
36,765,5.4.2022
36,765,5.4.2022
36,765,5.4.2022
36,765,5.4.2022
36,765,5.4.2022
36,766,5.4.2022
36,766,5.4.2022
36,766,5.4.2022
36,766,5.4.2022
36,766,5.4.2022
36,766,5.4.2022
36,766,5.4.2022
36,766,5.4.2022
36,766,5.4.2022
36,766,5.4.2022
36,766,5.4.2022
36,766,5.4.2022
36,766,5.4.2022
36,766,5.4.2022
36,766,5.4.2022
36,766,5.4.2022
36,767,5.4.2022
36,767,5.4.2022
36,767,5.4.2022
36,767,5.4.2022
36,767,5.4.2022
36,767,5.4.2022
36,767,5.4.2022
36,767,5.4.2022
36,767,5.4.2022
36,767,5.4.2022
36,767,5.4.2022
36,767,5.4.2022
36,767,5.4.2022
36,767,5.4.2022
36,767,5.4.2022
36,767,5.4.2022
36,767,5.4.2022
36,767,5.4.2022
36,767,5.4.2022
36,767,5.4.2022
36,767,5.4.2022
36,767,5.4.2022
36,767,5.4.2022
36,767,5.4.2022
36,767,5.4.2022
36,767,5.4.2022
36,767,5.4.2022
36,767,5.4.2022
36,767,5.4.2022
36,767,5.4.2022
36,767,5.4.2022
36,767,5.4.2022
36,767,5.4.2022
36,767,5.4.2022
36,767,5.4.2022
36,767,5.4.2022
36,767,5.4.2022
36,767,5.4.2022
36,767,5.4.2022
36,767,5.4.2022
36,767,5.4.2022
36,767,5.4.2022
36,767,5.4.2022
36,767,5.4.2022
36,767,5.4.2022
36,767,5.4.2022
36,767,5.4.2022
36,767,5.4.2022
36,767,5.4.2022
36,768,5.4.2022
36,768,5.4.2022
36,768,5.4.2022
36,768,5.4.2022
36,768,5.4.2022
36,768,5.4.2022
36,768,5.4.2022
36,768,5.4.2022
36,768,5.4.2022